ID,UID,DATE,RA,DEC,INSTR,WAV_RANGE,DV_PIXEL,SNR,Z
J000039-001804,QSO460,2015-09-02,+00h00m39.00s,-00d18m03.90s,SofI/NTT,1.50-2.54,154.0,4.9,2.14
J000345-232353,QSO552,2009-07-07,+00h03m45.00s,-23d23m53.40s,SINFONI/VLT,1.44-1.87,36.0,12.7,2.27
J000345-232353,QSO330,2011-09-18,+00h03m45.00s,-23d23m53.40s,SofI/NTT,1.48-1.83,63.0,36.0,2.26
J000451-084450,QSO290,2013-07-12,+00h04m50.66s,-08d44m49.63s,XSHOOTER/VLT,0.31-2.28,15.0,10.3,3.0
J000451-084452,QSO289,2013-08-08,+00h04m50.91s,-08d44m51.98s,XSHOOTER/VLT,0.31-2.28,15.0,5.4,3.0
J000500-003348,QSO454,2015-09-01,+00h05m00.42s,-00d33m48.20s,SofI/NTT,1.50-2.54,154.0,8.2,2.18
J000501+010221,QSO459,2015-09-02,+00h05m00.53s,+01d02m20.80s,SofI/NTT,1.50-2.54,154.0,6.8,2.13
J001016+001228,QSO475,2015-09-04,+00h10m16.49s,+00d12m27.60s,SofI/NTT,1.50-2.54,154.0,8.9,2.28
J001247+001239,QSO082,2013-06-06,+00h12m47.12s,+00d12m39.49s,ISAAC/VLT,1.52-1.60,15.0,19.1,2.16
J001708+813508,QSO107,2012-08-04,+00h17m08.48s,+81d35m08.10s,TRIPLESPEC/Hale,0.94-2.80,39.0,36.5,3.4
J001919+010152,QSO476,2015-09-04,+00h19m19.31s,+01d01m52.20s,SofI/NTT,1.50-2.54,154.0,6.5,2.32
J001955-091316,QSO001,2004-11-26,+00h19m54.67s,-09d13m16.45s,GNIRS/Gemini,0.60-2.61,88.0,9.9,2.12
J002018-233654,QSO553,2009-07-07,+00h20m18.41s,-23d36m53.80s,SINFONI/VLT,1.44-1.87,36.0,16.9,2.3
J002023-414639,QSO554,2009-07-08,+00h20m23.38s,-41d46m38.90s,SINFONI/VLT,1.09-1.41,35.0,33.4,1.57
J002111-242247,QSO555,2009-07-16,+00h21m10.90s,-24d22m47.20s,SINFONI/VLT,1.44-1.86,36.0,11.1,2.26
J002330-003220,QSO473,2015-09-04,+00h23m29.60s,-00d32m19.80s,SofI/NTT,1.50-2.54,154.0,7.0,2.4
J002948-095639,QSO478,2010-11-28,+00h29m48.04s,-09d56m39.40s,TRIPLESPEC/ARC,0.95-2.46,63.0,10.4,1.62
J002952+020607,QSO556,2009-07-14,+00h29m52.12s,+02d06m07.10s,SINFONI/VLT,1.44-1.86,36.0,12.4,2.34
J003136+003421,QSO176,2011-10-03,+00h31m35.58s,+00d34m21.29s,XSHOOTER/VLT,0.31-2.28,15.0,13.9,2.23
J004131-493612,QSO340,2011-09-19,+00h41m31.44s,-49d36m11.80s,SofI/NTT,1.95-2.43,64.0,8.2,3.24
J004150-094705,QSO479,2010-11-28,+00h41m49.64s,-09d47m05.00s,TRIPLESPEC/ARC,0.95-2.46,63.0,14.1,1.63
J004301-280543,QSO557,2009-07-07,+00h43m00.55s,-28d05m43.50s,SINFONI/VLT,1.44-1.87,36.0,13.8,2.33
J004417-311436,QSO559,2009-07-07,+00h44m17.12s,-31d14m36.00s,SINFONI/VLT,1.44-1.87,36.0,22.0,2.35
J004418-305721,QSO558,2009-07-07,+00h44m18.05s,-30d57m20.60s,SINFONI/VLT,1.44-1.87,36.0,17.4,2.67
J004613+002358,QSO469,2015-09-03,+00h46m13.48s,+00d23m58.00s,SofI/NTT,1.50-2.54,154.0,5.5,2.13
J005202+010129,QSO560,2009-08-18,+00h52m02.40s,+01d01m29.20s,SINFONI/VLT,1.43-1.87,36.0,12.3,2.28
J005202+010129,QSO461,2015-09-02,+00h52m02.40s,+01d01m29.20s,SofI/NTT,1.50-2.54,154.0,15.7,2.28
J005413-275534,QSO561,2009-07-15,+00h54m12.55s,-27d55m33.80s,SINFONI/VLT,1.44-1.86,36.0,6.3,2.26
J005441-533218,QSO562,2009-07-15,+00h54m41.08s,-53d32m17.60s,SINFONI/VLT,1.44-1.86,36.0,12.4,2.27
J005455-004244,QSO466,2015-09-03,+00h54m54.84s,-00d42m44.00s,SofI/NTT,1.50-2.54,154.0,25.2,2.23
J005534-344434,QSO564,2009-08-16,+00h55m34.31s,-34d44m34.30s,SINFONI/VLT,1.44-1.86,36.0,14.3,2.32
J005547-635854,QSO565,2009-07-16,+00h55m46.77s,-63d58m53.70s,SINFONI/VLT,1.44-1.86,36.0,10.5,2.25
J005613-323433,QSO563,2009-08-22,+00h56m13.47s,-32d34m32.60s,SINFONI/VLT,1.44-1.86,36.0,16.7,2.22
J005717-000113,QSO083,2013-06-07,+00h57m17.37s,-00d01m13.20s,ISAAC/VLT,1.52-1.60,15.0,7.4,2.15
J005717-000113,QSO108,2011-09-09,+00h57m17.37s,-00d01m13.20s,TRIPLESPEC/Hale,0.94-2.80,39.0,5.8,2.16
J005758-264315,QSO335,2011-09-20,+00h57m58.01s,-26d43m14.90s,SofI/NTT,1.50-2.53,154.0,23.8,3.66
J005814+011530,QSO467,2015-09-03,+00h58m14.31s,+01d15m30.20s,SofI/NTT,1.50-2.54,154.0,12.9,2.53
J010012-270853,QSO279,2012-11-08,+01h00m12.31s,-27d08m53.30s,XSHOOTER/VLT,0.31-2.48,16.0,12.9,3.52
J010737-385325,QSO567,2009-08-22,+01h07m37.26s,-38d53m24.50s,SINFONI/VLT,1.44-1.86,36.0,16.8,2.33
J010806+163550,QSO110,2011-09-10,+01h08m06.41s,+16d35m50.00s,TRIPLESPEC/Hale,0.94-2.80,39.0,22.4,2.66
J011144-350300,QSO331,2011-09-19,+01h11m43.62s,-35d03m00.40s,SofI/NTT,1.48-1.83,63.0,24.5,2.4
J011150+140141,QSO058,2007-10-02,+01h11m50.06s,+14d01m41.39s,NIRI/Gemini,1.40-1.93,94.0,27.2,2.48
J011828-005240,QSO002,2004-11-29,+01h18m27.98s,-00d52m39.92s,GNIRS/Gemini,0.60-2.61,88.0,11.6,2.2
J012140-335358,QSO568,2009-08-26,+01h21m39.70s,-33d53m58.50s,SINFONI/VLT,1.44-1.87,36.0,13.3,2.2
J012257-334844,QSO569,2009-08-22,+01h22m57.07s,-33d48m44.40s,SINFONI/VLT,1.09-1.41,35.0,23.5,1.54
J012305-545304,QSO572,2009-07-16,+01h23m05.13s,-54d53m03.60s,SINFONI/VLT,1.44-1.86,36.0,13.8,2.31
J012337-323828,QSO570,2009-08-22,+01h23m37.01s,-32d38m28.50s,SINFONI/VLT,1.44-1.86,36.0,25.3,2.36
J012417-374423,QSO411,2011-09-21,+01h24m17.38s,-37d44m22.90s,SofI/NTT,1.48-1.83,63.0,40.6,2.2
J012656-320811,QSO573,2009-08-23,+01h26m56.07s,-32d08m10.70s,SINFONI/VLT,1.44-1.87,36.0,10.7,2.23
J012745-503707,QSO574,2009-08-23,+01h27m45.30s,-50d37m06.90s,SINFONI/VLT,1.09-1.41,35.0,10.4,1.49
J013014-000639,QSO449,2015-08-31,+01h30m14.30s,-00d06m39.20s,SofI/NTT,1.50-2.54,154.0,7.9,2.43
J013417-394107,QSO576,2009-08-22,+01h34m17.02s,-39d41m06.60s,SINFONI/VLT,1.44-1.86,36.0,13.9,2.22
J013434-295814,QSO575,2009-08-23,+01h34m33.99s,-29d58m13.60s,SINFONI/VLT,1.44-1.87,36.0,12.2,2.23
J013530-372610,QSO577,2009-08-23,+01h35m29.83s,-37d26m10.00s,SINFONI/VLT,1.44-1.87,36.0,18.1,2.23
J013930+001331,QSO003,2004-12-01,+01h39m29.52s,+00d13m30.80s,GNIRS/Gemini,0.60-2.61,88.0,15.2,2.1
J014018-013805,QSO578,2009-08-19,+01h40m18.33s,-01d38m04.80s,SINFONI/VLT,1.44-1.87,36.0,17.5,2.23
J014420+083811,QSO111,2011-09-08,+01h44m19.92s,+08d38m11.00s,TRIPLESPEC/Hale,0.94-3.18,91.0,13.2,2.39
J014705+133210,QSO480,2009-11-07,+01h47m05.42s,+13d32m10.00s,TRIPLESPEC/ARC,0.95-2.46,63.0,14.7,1.6
J014810-001018,QSO004,2004-11-29,+01h48m09.64s,-00d10m17.77s,GNIRS/Gemini,0.60-2.61,88.0,22.5,2.17
J014944+150107,QSO481,2010-11-28,+01h49m44.43s,+15d01m06.60s,TRIPLESPEC/ARC,0.95-2.46,63.0,10.9,2.07
J015058-264449,QSO581,2009-07-16,+01h50m57.99s,-26d44m48.70s,SINFONI/VLT,1.44-1.86,36.0,15.2,2.31
J015734-004824,QSO482,2010-11-28,+01h57m33.87s,-00d48m24.40s,TRIPLESPEC/ARC,0.95-2.46,63.0,5.4,1.55
J020045+122319,QSO483,2010-11-28,+02h00m44.50s,+12d23m19.10s,TRIPLESPEC/ARC,0.95-2.46,63.0,6.0,1.65
J020143+003223,QSO297,2013-12-03,+02h01m43.49s,+00d32m22.71s,XSHOOTER/VLT,0.31-2.28,15.0,6.4,2.3
J020302-281318,QSO582,2009-08-23,+02h03m01.94s,-28d13m17.70s,SINFONI/VLT,1.44-1.87,36.0,15.9,2.32
J020327+003938,QSO477,2015-09-04,+02h03m27.29s,+00d39m38.10s,SofI/NTT,1.50-2.54,154.0,12.0,2.3
J020506+011416,QSO456,2015-09-01,+02h05m05.80s,+01d14m15.80s,SofI/NTT,1.50-2.54,154.0,6.0,2.24
J020806-391638,QSO583,2009-08-23,+02h08m06.18s,-39d16m37.60s,SINFONI/VLT,1.44-1.87,36.0,13.2,2.17
J020903-082532,QSO005,2004-10-01,+02h09m02.86s,-08d25m31.86s,GNIRS/Gemini,0.60-2.61,88.0,13.2,2.14
J022839-101109,QSO584,2009-08-26,+02h28m39.19s,-10d11m09.40s,SINFONI/VLT,1.44-1.87,36.0,14.7,2.27
J023011+005914,QSO112,2011-09-09,+02h30m11.28s,+00d59m13.70s,TRIPLESPEC/Hale,0.94-2.80,39.0,12.9,2.47
J023146+132255,QSO113,2011-09-10,+02h31m45.89s,+13d22m54.70s,TRIPLESPEC/Hale,0.94-2.80,39.0,16.7,2.07
J023400+004938,QSO470,2015-09-03,+02h33m59.72s,+00d49m38.50s,SofI/NTT,1.50-2.54,154.0,24.9,2.53
J023946-010640,QSO304,2012-08-26,+02h39m46.43s,-01d06m40.48s,XSHOOTER/VLT,0.31-2.28,15.0,9.2,2.3
J024008-230915,QSO585,2009-09-19,+02h40m08.24s,-23d09m15.20s,SINFONI/VLT,1.44-1.87,36.0,22.9,2.23
J024008-230915,QSO424,2011-09-18,+02h40m08.24s,-23d09m15.20s,SofI/NTT,1.48-1.83,63.0,17.6,2.22
J024651-004457,QSO455,2015-09-01,+02h46m50.93s,-00d44m57.30s,SofI/NTT,1.50-2.54,154.0,6.4,2.19
J025022-075750,QSO516,2013-12-28,+02h50m21.76s,-07d57m49.90s,FIRE/Magellan,0.80-2.50,20.0,18.3,3.34
J025055-361635,QSO587,2009-09-17,+02h50m55.44s,-36d16m34.90s,SINFONI/VLT,1.09-1.41,35.0,19.1,1.54
J025140-220027,QSO342,2011-09-20,+02h51m40.39s,-22d00m26.50s,SofI/NTT,1.95-2.43,64.0,18.2,3.2
J025634-401300,QSO409,2011-09-19,+02h56m34.11s,-40d12m59.30s,SofI/NTT,1.48-1.83,63.0,24.6,2.3
J025634-401300,QSO589,2009-09-17,+02h56m34.11s,-40d12m59.30s,SINFONI/VLT,1.43-1.87,36.0,17.2,2.3
J025645+001247,QSO588,2009-09-24,+02h56m44.82s,+00d12m47.10s,SINFONI/VLT,1.44-1.87,36.0,12.4,2.27
J025906+001122,QSO517,2013-12-30,+02h59m05.63s,+00d11m21.90s,FIRE/Magellan,0.80-2.50,20.0,30.1,3.37
J030211-314030,QSO590,2009-09-17,+03h02m11.44s,-31d40m29.70s,SINFONI/VLT,1.43-1.87,36.0,27.7,2.39
J030341-002322,QSO114,2011-09-08,+03h03m41.05s,-00d23m21.90s,TRIPLESPEC/Hale,0.94-3.18,91.0,8.4,3.23
J030450-000813,QSO518,2013-12-29,+03h04m49.85s,-00d08m13.40s,FIRE/Magellan,0.80-2.50,20.0,29.2,3.29
J030450-000813,QSO115,2011-09-08,+03h04m49.85s,-00d08m13.40s,TRIPLESPEC/Hale,0.94-3.18,91.0,8.1,3.29
J031404-003947,QSO462,2015-09-02,+03h14m04.44s,-00d39m47.30s,SofI/NTT,1.50-2.54,154.0,7.6,2.11
J032158-001103,QSO006,2004-11-26,+03h21m58.40s,-00d11m02.68s,GNIRS/Gemini,0.60-2.61,88.0,9.4,2.15
J032944-233835,QSO591,2009-09-23,+03h29m43.87s,-23d38m34.70s,SINFONI/VLT,1.09-1.41,35.0,17.4,1.55
J033106-382405,QSO415,2011-09-22,+03h31m06.41s,-38d24m04.60s,SofI/NTT,1.48-1.83,63.0,16.9,2.45
J033244-445557,QSO345,2012-03-05,+03h32m44.10s,-44d55m57.40s,SofI/NTT,1.50-2.53,154.0,10.5,2.68
J034146-264937,QSO592,2009-09-23,+03h41m45.86s,-26d49m36.90s,SINFONI/VLT,1.44-1.87,36.0,22.4,2.31
J034944-381031,QSO417,2011-09-21,+03h49m43.68s,-38d10m31.10s,SofI/NTT,1.95-2.43,64.0,11.4,3.22
J035053-003115,QSO116,2011-09-10,+03h50m53.30s,-00d31m14.70s,TRIPLESPEC/Hale,0.94-2.80,39.0,8.8,1.99
J035221-051703,QSO519,2013-12-30,+03h52m20.69s,-05d17m02.60s,FIRE/Magellan,0.80-2.50,20.0,7.2,3.29
J035857-054023,QSO484,2010-11-28,+03h58m56.73s,-05d40m23.40s,TRIPLESPEC/ARC,0.95-2.46,64.0,4.6,1.51
J040757-330143,QSO593,2009-08-23,+04h07m57.12s,-33d01m43.00s,SINFONI/VLT,1.44-1.87,36.0,18.9,2.36
J040954-041137,QSO007,2004-10-31,+04h09m54.19s,-04d11m37.01s,GNIRS/Gemini,0.60-2.61,88.0,27.1,2.19
J041255-061210,QSO485,2010-11-28,+04h12m55.16s,-06d12m10.30s,TRIPLESPEC/ARC,0.95-2.46,63.0,13.9,1.69
J042354-261801,QSO346,2012-03-07,+04h23m53.96s,-26d18m01.10s,SofI/NTT,1.49-2.53,154.0,25.7,2.32
J042409+020425,QSO347,2012-03-09,+04h24m08.57s,+02d04m24.90s,SofI/NTT,1.50-2.53,154.0,16.3,2.06
J042645-520819,QSO348,2012-03-06,+04h26m44.70s,-52d08m19.20s,SofI/NTT,1.50-2.54,154.0,16.2,2.26
J042645-520819,QSO595,2009-09-17,+04h26m44.70s,-52d08m19.20s,SINFONI/VLT,1.43-1.87,36.0,21.4,2.26
J042707-130254,QSO408,2011-09-18,+04h27m07.30s,-13d02m53.60s,SofI/NTT,1.48-1.83,63.0,28.6,2.17
J042741-305323,QSO594,2009-08-23,+04h27m41.17s,-30d53m22.50s,SINFONI/VLT,1.44-1.87,36.0,18.1,2.23
J044535-354704,QSO406,2013-03-21,+04h45m34.66s,-35d47m04.00s,SofI/NTT,1.49-2.53,155.0,13.5,2.61
J045523-421617,QSO398,2013-03-20,+04h55m23.05s,-42d16m17.40s,SofI/NTT,1.49-2.53,155.0,29.8,2.66
J045754-181915,QSO596,2009-09-20,+04h57m54.37s,-18d19m14.70s,SINFONI/VLT,1.09-1.41,35.0,20.3,1.53
J053321-542648,QSO597,2009-09-17,+05h33m20.77s,-54d26m48.20s,SINFONI/VLT,1.43-1.87,36.0,33.5,2.38
J055246-363728,QSO349,2012-03-08,+05h52m46.19s,-36d37m27.60s,SofI/NTT,1.50-2.54,154.0,27.0,2.32
J055246-363728,QSO332,2011-09-19,+05h52m46.19s,-36d37m27.60s,SofI/NTT,1.48-1.83,63.0,21.7,2.32
J064632+445117,QSO117,2011-09-10,+06h46m32.03s,+44d51m16.60s,TRIPLESPEC/Hale,0.94-2.80,39.0,3.5,3.4
J073813+271038,QSO428,2015-04-03,+07h38m13.19s,+27d10m38.10s,LIRIS/WHT,1.40-2.39,138.0,9.2,2.45
J074030+281459,QSO486,2009-11-08,+07h40m29.82s,+28d14m58.50s,TRIPLESPEC/ARC,0.95-2.46,63.0,4.4,1.55
J074353+245744,QSO438,2015-03-31,+07h43m52.61s,+24d57m43.60s,LIRIS/WHT,1.40-2.39,138.0,8.1,2.17
J074832+392913,QSO118,2012-04-04,+07h48m31.86s,+39d29m13.20s,TRIPLESPEC/Hale,0.94-3.18,91.0,8.3,2.58
J075112+291938,QSO119,2012-04-02,+07h51m12.31s,+29d19m38.30s,TRIPLESPEC/Hale,0.94-2.80,39.0,13.0,0.92
J080049+354231,QSO059,2006-02-17,+08h00m48.74s,+35d42m31.30s,NIRI/Gemini,1.41-1.94,94.0,8.1,2.07
J080050+354250,QSO032,2006-02-17,+08h00m49.90s,+35d42m49.60s,NIRI/Gemini,1.41-1.94,94.0,12.6,1.98
J080151+113456,QSO120,2011-04-16,+08h01m50.95s,+11d34m55.60s,TRIPLESPEC/Hale,0.94-2.80,39.0,12.3,2.38
J080652+245526,QSO433,2015-04-04,+08h06m51.54s,+24d55m26.30s,LIRIS/WHT,1.40-2.39,138.0,3.4,2.16
J081012+093648,QSO520,2013-12-29,+08h10m11.97s,+09d36m48.20s,FIRE/Magellan,0.80-2.50,20.0,7.4,3.39
J081227+075733,QSO487,2010-12-02,+08h12m27.19s,+07d57m32.90s,TRIPLESPEC/ARC,0.95-2.46,63.0,11.0,1.58
J081331+254503,QSO489,2010-11-22,+08h13m31.28s,+25d45m03.00s,TRIPLESPEC/ARC,0.95-2.46,63.0,11.6,1.51
J081344+152222,QSO488,2009-11-08,+08h13m44.15s,+15d22m21.50s,TRIPLESPEC/ARC,0.95-2.46,63.0,12.5,1.55
J081420+325019,QSO033,2006-03-06,+08h14m19.59s,+32d50m18.70s,NIRI/Gemini,1.41-1.94,94.0,9.0,2.17
J081702+385936,QSO121,2012-04-03,+08h17m01.91s,+38d59m36.30s,TRIPLESPEC/Hale,0.94-2.80,39.0,8.4,2.24
J082146+571226,QSO490,2010-01-04,+08h21m46.22s,+57d12m26.00s,TRIPLESPEC/ARC,0.95-2.46,63.0,14.3,1.54
J082645+163548,QSO390,2013-03-23,+08h26m44.70s,+16d35m48.00s,SofI/NTT,1.49-2.53,155.0,38.5,2.19
J082907+242323,QSO432,2015-03-31,+08h29m06.63s,+24d23m22.90s,LIRIS/WHT,1.40-2.39,138.0,2.3,2.41
J083758+383727,QSO008,2011-03-14,+08h37m57.91s,+38d37m27.12s,GNIRS/Gemini,0.60-2.61,88.0,12.2,2.06
J083850+261105,QSO491,2009-11-08,+08h38m50.15s,+26d11m05.40s,TRIPLESPEC/ARC,0.95-2.46,63.0,3.6,1.62
J084158+392121,QSO034,2007-04-24,+08h41m58.47s,+39d21m20.94s,NIRI/Gemini,1.41-1.94,94.0,8.9,2.04
J084200+392140,QSO035,2007-04-24,+08h41m59.26s,+39d21m39.96s,NIRI/Gemini,1.41-1.94,94.0,5.2,2.21
J084313+075029,QSO521,2013-12-29,+08h43m12.64s,+07d50m29.30s,FIRE/Magellan,0.80-2.50,20.0,19.3,3.26
J084402+050358,QSO522,2013-12-28,+08h44m01.95s,+05d03m57.90s,FIRE/Magellan,0.80-2.50,20.0,13.8,3.36
J084452+282608,QSO492,2010-12-02,+08h44m51.91s,+28d26m07.50s,TRIPLESPEC/ARC,0.95-2.46,66.0,3.9,1.57
J085358-001108,QSO323,2010-01-29,+08h53m58.36s,-00d11m08.00s,NIRSPEC/Keck,1.55-1.84,50.0,4.7,2.41
J085438+031735,QSO426,2015-04-01,+08h54m37.59s,+03d17m34.80s,LIRIS/WHT,1.40-2.39,138.0,3.0,2.24
J085543+002908,QSO523,2011-04-26,+08h55m43.26s,+00d29m08.50s,FIRE/Magellan,0.80-2.50,20.0,29.5,1.52
J085856+015219,QSO445,2015-04-01,+08h58m56.00s,+01d52m19.40s,LIRIS/WHT,1.40-2.39,138.0,8.5,2.17
J090223+283930,QSO122,2011-04-16,+09h02m23.32s,+28d39m30.20s,TRIPLESPEC/Hale,0.94-2.80,39.0,6.1,3.33
J091046+041458,QSO036,2008-04-19,+09h10m46.41s,+04d14m58.49s,NIRI/Gemini,1.40-1.93,94.0,9.1,2.04
J091047+041448,QSO060,2008-04-19,+09h10m46.69s,+04d14m48.35s,NIRI/Gemini,1.40-1.93,94.0,8.9,2.38
J091055+023705,QSO524,2013-12-30,+09h10m54.79s,+02d37m04.50s,FIRE/Magellan,0.80-2.50,20.0,10.3,3.29
J091209+005857,QSO009,2004-11-27,+09h12m08.75s,+00d58m57.32s,GNIRS/Gemini,0.60-2.61,88.0,45.9,2.19
J091339-010705,QSO299,2013-04-11,+09h13m38.97s,-01d07m04.62s,XSHOOTER/VLT,0.31-2.28,15.0,6.8,2.92
J091432+010912,QSO177,2012-01-23,+09h14m32.02s,+01d09m12.43s,XSHOOTER/VLT,0.31-2.28,15.0,4.4,2.14
J091510+475659,QSO123,2013-01-29,+09h15m10.01s,+47d56m58.80s,TRIPLESPEC/Hale,0.94-2.80,39.0,3.8,3.35
J091754+043652,QSO525,2011-04-27,+09h17m54.44s,+04d36m52.10s,FIRE/Magellan,0.80-2.50,20.0,6.3,1.58
J092129-261843,QSO350,2012-03-07,+09h21m29.36s,-26d18m43.30s,SofI/NTT,1.50-2.54,155.0,15.6,2.31
J092743+290735,QSO037,2006-05-15,+09h27m43.02s,+29d07m34.70s,NIRI/Gemini,1.41-1.94,94.0,10.2,2.25
J092747+290721,QSO038,2006-05-15,+09h27m47.27s,+29d07m20.60s,NIRI/Gemini,1.41-1.94,93.0,18.6,2.31
J092914+282529,QSO124,2012-04-04,+09h29m14.49s,+28d25m29.20s,TRIPLESPEC/Hale,0.94-3.18,91.0,14.1,3.41
J092952+355450,QSO125,2011-04-18,+09h29m52.17s,+35d54m49.80s,TRIPLESPEC/Hale,0.94-2.80,39.0,12.0,2.16
J093226+092526,QSO178,2011-04-04,+09h32m26.34s,+09d25m26.11s,XSHOOTER/VLT,0.31-2.28,15.0,8.9,2.42
J093318+141340,QSO493,2010-01-26,+09h33m18.49s,+14d13m40.10s,TRIPLESPEC/ARC,0.95-2.46,63.0,10.9,1.56
J093337+284532,QSO126,2012-04-04,+09h33m37.28s,+28d45m32.40s,TRIPLESPEC/Hale,0.94-3.18,91.0,14.2,3.43
J093644+292714,QSO127,2012-04-04,+09h36m43.51s,+29d27m13.70s,TRIPLESPEC/Hale,0.94-3.18,91.0,19.7,2.93
J093804+531744,QSO026,2011-03-14,+09h38m04.22s,+53d17m43.91s,GNIRS/Gemini,0.60-2.61,88.0,3.7,2.07
J093850+090510,QSO396,2013-03-19,+09h38m49.67s,+09d05m09.70s,SofI/NTT,1.49-2.53,155.0,21.2,2.26
J094126+044329,QSO526,2011-04-27,+09h41m26.49s,+04d43m28.70s,FIRE/Magellan,0.80-2.50,20.0,36.2,1.57
J094202+042244,QSO372,2012-03-08,+09h42m02.04s,+04d22m44.50s,SofI/NTT,1.95-2.43,64.0,6.8,3.28
J094202+042244,QSO527,2013-12-28,+09h42m02.04s,+04d22m44.50s,FIRE/Magellan,0.80-2.50,20.0,21.4,3.28
J094207+352307,QSO128,2011-04-18,+09h42m06.96s,+35d23m07.30s,TRIPLESPEC/Hale,0.94-2.80,39.0,13.5,2.02
J094913+175156,QSO494,2010-01-26,+09h49m13.05s,+17d51m55.90s,TRIPLESPEC/ARC,0.95-2.46,63.0,13.5,1.68
J095334+033624,QSO528,2013-12-30,+09h53m33.70s,+03d36m23.70s,FIRE/Magellan,0.80-2.50,20.0,9.0,3.29
J095435+091520,QSO529,2013-12-30,+09h54m34.93s,+09d15m19.60s,FIRE/Magellan,0.80-2.50,20.0,4.6,3.41
J095544-012352,QSO295,2014-01-04,+09h55m43.67s,-01d23m51.50s,XSHOOTER/VLT,0.31-2.28,15.0,7.5,2.84
J095852+120245,QSO374,2012-03-09,+09h58m52.19s,+12d02m45.00s,SofI/NTT,1.95-2.43,64.0,13.4,3.3
J100247+002104,QSO010,2005-01-16,+10h02m46.86s,+00d21m04.02s,GNIRS/Gemini,0.60-2.61,88.0,13.8,2.17
J100401+423123,QSO495,2010-01-04,+10h04m01.27s,+42d31m23.10s,TRIPLESPEC/ARC,0.95-2.46,63.0,11.5,1.67
J100627+480420,QSO011,2011-03-15,+10h06m27.47s,+48d04m20.05s,GNIRS/Gemini,0.60-2.61,88.0,8.1,2.3
J100931+023052,QSO530,2011-04-26,+10h09m30.51s,+02d30m52.40s,FIRE/Magellan,0.80-2.50,20.0,12.9,1.55
J101001+403756,QSO129,2012-04-03,+10h10m01.50s,+40d37m55.50s,TRIPLESPEC/Hale,0.94-2.80,39.0,9.9,2.19
J101156+294142,QSO130,2012-04-04,+10h11m55.60s,+29d41m41.60s,TRIPLESPEC/Hale,0.94-3.18,91.0,48.0,2.65
J101343-210620,QSO598,2009-05-13,+10h13m42.57s,-21d06m19.50s,SINFONI/VLT,1.09-1.41,35.0,17.4,1.54
J101448+521320,QSO496,2011-01-24,+10h14m47.54s,+52d13m20.20s,TRIPLESPEC/ARC,0.95-2.46,63.0,16.6,1.55
J101505+123022,QSO497,2011-01-24,+10h15m04.75s,+12d30m22.20s,TRIPLESPEC/ARC,0.95-2.46,63.0,11.3,1.71
J101724-204659,QSO351,2012-03-08,+10h17m23.98s,-20d46m58.60s,SofI/NTT,1.50-2.54,155.0,24.6,2.56
J101818+054823,QSO184,2013-04-03,+10h18m18.45s,+05d48m22.80s,XSHOOTER/VLT,0.31-2.48,16.0,18.5,3.52
J101900-005420,QSO012,2005-01-15,+10h18m59.97s,-00d54m20.25s,GNIRS/Gemini,0.60-2.61,88.0,13.6,2.18
J101908+025432,QSO531,2013-12-29,+10h19m08.26s,+02d54m31.90s,FIRE/Magellan,0.80-2.50,20.0,12.6,3.38
J102457+181909,QSO231,2013-06-10,+10h24m56.61s,+18d19m08.75s,XSHOOTER/VLT,0.31-2.48,16.0,13.0,3.53
J102458-001740,QSO599,2009-04-19,+10h24m57.57s,-00d17m40.40s,SINFONI/VLT,1.09-1.41,35.0,11.7,1.5
J102510+045247,QSO381,2013-03-21,+10h25m09.64s,+04d52m46.80s,SofI/NTT,1.95-2.41,60.0,15.3,3.24
J102619+461445,QSO319,2009-01-07,+10h26m18.81s,+46d14m45.27s,NIRSPEC/Keck,1.95-2.39,59.0,9.9,3.33
J102839-093541,QSO600,2009-04-19,+10h28m38.98s,-09d35m40.90s,SINFONI/VLT,1.44-1.86,36.0,9.9,2.28
J102907+020500,QSO013,2005-01-15,+10h29m06.66s,+02d05m00.01s,GNIRS/Gemini,0.60-2.61,88.0,11.2,2.14
J103326+012836,QSO014,2005-01-16,+10h33m25.93s,+01d28m36.34s,GNIRS/Gemini,0.60-2.61,88.0,18.0,2.18
J103400-251427,QSO352,2012-03-05,+10h33m59.91s,-25d14m27.40s,SofI/NTT,1.50-2.54,155.0,21.9,2.56
J103456+035900,QSO379,2013-03-20,+10h34m56.31s,+03d58m59.40s,SofI/NTT,1.95-2.43,64.0,7.1,3.37
J103456+035900,QSO532,2013-12-29,+10h34m56.31s,+03d58m59.40s,FIRE/Magellan,0.80-2.50,20.0,14.6,3.39
J103730+213531,QSO232,2014-02-23,+10h37m30.33s,+21d35m31.35s,XSHOOTER/VLT,0.31-2.48,16.0,25.2,3.63
J103857+502708,QSO039,2006-05-09,+10h38m57.37s,+50d27m07.98s,NIRI/Gemini,1.87-2.59,96.0,18.0,3.13
J103910-231326,QSO385,2013-03-22,+10h39m09.52s,-23d13m26.20s,SofI/NTT,1.95-2.41,60.0,8.6,3.13
J104122+563001,QSO040,2007-05-17,+10h41m21.90s,+56d30m01.34s,NIRI/Gemini,1.41-1.94,94.0,11.0,2.05
J104122+563001,QSO132,2011-04-18,+10h41m21.90s,+56d30m01.34s,TRIPLESPEC/Hale,0.94-2.80,39.0,8.7,2.06
J104234+195719,QSO233,2014-02-22,+10h42m34.01s,+19d57m18.67s,XSHOOTER/VLT,0.31-2.48,16.0,13.6,3.64
J104603+112828,QSO533,2011-04-26,+10h46m03.22s,+11d28m28.10s,FIRE/Magellan,0.80-2.50,20.0,18.6,1.6
J104910+143227,QSO498,2010-01-26,+10h49m10.31s,+14d32m27.10s,TRIPLESPEC/ARC,0.95-2.46,63.0,15.3,1.54
J104915-011038,QSO015,2005-01-15,+10h49m15.44s,-01d10m38.18s,GNIRS/Gemini,0.60-2.61,88.0,25.3,2.14
J104915-011038,QSO394,2013-03-22,+10h49m15.44s,-01d10m38.18s,SofI/NTT,1.49-2.53,155.0,11.8,2.13
J105159+401737,QSO133,2013-01-29,+10h51m58.74s,+40d17m36.70s,TRIPLESPEC/Hale,0.94-2.80,39.0,11.4,2.19
J105651-114122,QSO601,2009-05-13,+10h56m51.44s,-11d41m22.20s,SINFONI/VLT,1.09-1.41,35.0,23.6,1.55
J105951+090906,QSO499,2011-01-24,+10h59m51.05s,+09d09m05.70s,TRIPLESPEC/ARC,0.95-2.46,63.0,20.1,1.69
J110240+394730,QSO500,2011-02-22,+11h02m40.16s,+39d47m30.10s,TRIPLESPEC/ARC,0.95-2.46,63.0,13.9,1.67
J110325-264516,QSO423,2012-03-06,+11h03m25.31s,-26d45m15.90s,SofI/NTT,1.50-2.54,155.0,18.4,2.15
J110353+100403,QSO191,2014-02-23,+11h03m52.75s,+10d04m03.16s,XSHOOTER/VLT,0.31-2.48,16.0,31.0,3.61
J110455+095715,QSO425,2015-04-03,+11h04m54.73s,+09d57m14.80s,LIRIS/WHT,1.40-2.39,138.0,4.7,2.41
J110611+640010,QSO134,2011-04-15,+11h06m10.74s,+64d00m09.60s,TRIPLESPEC/Hale,0.94-2.80,39.0,17.0,2.22
J110633-182124,QSO353,2012-03-09,+11h06m33.39s,-18d21m23.80s,SofI/NTT,1.50-2.53,154.0,21.3,2.32
J110708+043618,QSO402,2013-03-19,+11h07m08.41s,+04d36m17.90s,SofI/NTT,1.49-2.53,155.0,40.6,2.66
J110916-115449,QSO602,2009-07-06,+11h09m15.92s,-11d54m49.20s,SINFONI/VLT,1.44-1.87,36.0,9.5,2.32
J111119+133604,QSO384,2013-03-22,+11h11m19.11s,+13d36m03.90s,SofI/NTT,1.95-2.41,60.0,14.0,3.46
J111119+133604,QSO395,2013-03-22,+11h11m19.11s,+13d36m03.90s,SofI/NTT,1.49-2.53,155.0,11.7,3.46
J111243+661153,QSO061,2006-06-02,+11h12m42.69s,+66d11m52.85s,NIRI/Gemini,1.41-1.94,94.0,8.7,2.23
J111246+661215,QSO041,2006-06-02,+11h12m45.71s,+66d12m15.40s,NIRI/Gemini,1.40-1.94,94.0,13.1,2.26
J111351-153334,QSO382,2013-03-21,+11h13m50.61s,-15d33m33.90s,SofI/NTT,1.95-2.41,60.0,21.1,3.37
J111351+401721,QSO135,2013-01-29,+11h13m50.93s,+40d17m21.40s,TRIPLESPEC/Hale,0.94-2.80,39.0,7.0,2.19
J111949+233249,QSO501,2011-01-24,+11h19m49.30s,+23d32m49.10s,TRIPLESPEC/ARC,0.95-2.46,63.0,19.9,1.62
J112443-170517,QSO354,2012-03-05,+11h24m42.87s,-17d05m17.50s,SofI/NTT,1.50-2.54,155.0,44.9,2.41
J112542+000101,QSO534,2011-04-27,+11h25m42.29s,+00d01m01.30s,FIRE/Magellan,0.80-2.50,20.0,33.1,1.69
J112617-012633,QSO136,2011-04-18,+11h26m17.41s,-01d26m32.63s,TRIPLESPEC/Hale,0.94-2.80,39.0,9.0,3.62
J113334+130553,QSO638,2013-01-05,+11h33m34.23s,+13d05m53.20s,SINFONI/VLT,1.93-2.47,34.0,17.2,3.66
J113621+005021,QSO388,2013-03-23,+11h36m21.05s,+00d50m21.20s,SofI/NTT,1.95-2.41,60.0,10.5,3.43
J113829+040101,QSO535,2011-04-26,+11h38m29.33s,+04d01m01.00s,FIRE/Magellan,0.80-2.50,20.0,50.4,1.57
J114023+301651,QSO502,2010-01-26,+11h40m23.40s,+30d16m51.50s,TRIPLESPEC/ARC,0.95-2.46,63.0,31.7,1.6
J114155+531308,QSO042,2007-04-04,+11h41m55.42s,+53d13m07.97s,NIRI/Gemini,1.40-1.94,94.0,21.9,2.12
J114157+531358,QSO043,2007-04-04,+11h41m56.89s,+53d13m58.13s,NIRI/Gemini,1.40-1.93,94.0,11.3,2.21
J114254+265457,QSO137,2012-04-02,+11h42m54.26s,+26d54m57.50s,TRIPLESPEC/Hale,0.94-2.80,39.0,17.4,2.63
J114254+265457,QSO391,2013-03-23,+11h42m54.26s,+26d54m57.50s,SofI/NTT,1.49-2.53,155.0,21.3,2.63
J114436+095922,QSO320,2009-01-07,+11h44m35.54s,+09d59m21.69s,NIRSPEC/Keck,1.96-2.39,59.0,10.1,2.97
J114707+353150,QSO138,2011-04-16,+11h47m06.51s,+35d31m50.40s,TRIPLESPEC/Hale,0.94-2.80,39.0,8.8,2.0
J115236-175703,QSO603,2009-05-13,+11h52m35.77s,-17d57m02.60s,SINFONI/VLT,1.44-1.86,36.0,9.1,2.22
J115302+215118,QSO640,2013-03-11,+11h53m01.60s,+21d51m17.50s,SINFONI/VLT,1.44-2.47,37.0,27.2,2.37
J115511-223247,QSO604,2009-05-13,+11h55m10.56s,-22d32m46.50s,SINFONI/VLT,1.44-1.86,36.0,10.1,2.24
J115539+053051,QSO389,2013-03-23,+11h55m38.60s,+05d30m50.70s,SofI/NTT,1.95-2.41,60.0,12.7,3.46
J120045-185945,QSO355,2012-03-06,+12h00m44.94s,-18d59m44.50s,SofI/NTT,1.50-2.54,155.0,21.8,2.45
J120144+011612,QSO139,2011-04-15,+12h01m44.36s,+01d16m11.60s,TRIPLESPEC/Hale,0.94-2.80,39.0,12.5,3.25
J120148+120630,QSO182,2013-03-04,+12h01m47.91s,+12d06m30.29s,XSHOOTER/VLT,0.31-2.48,16.0,17.9,3.51
J120148+120630,QSO375,2012-03-09,+12h01m47.91s,+12d06m30.29s,SofI/NTT,1.95-2.43,64.0,18.3,3.52
J120210-005426,QSO234,2013-01-14,+12h02m10.08s,-00d54m25.50s,XSHOOTER/VLT,0.31-2.48,16.0,7.2,3.59
J120417+022105,QSO027,2006-03-27,+12h04m17.47s,+02d21m04.70s,GNIRS/Gemini,0.60-2.61,88.0,10.4,2.44
J120819-045906,QSO605,2009-05-10,+12h08m18.84s,-04d59m05.70s,SINFONI/VLT,1.44-1.87,36.0,16.6,2.33
J121118+042222,QSO140,2011-04-15,+12h11m17.59s,+04d22m22.30s,TRIPLESPEC/Hale,0.94-2.80,39.0,18.4,2.55
J121141+103002,QSO399,2013-03-20,+12h11m40.59s,+10d30m02.00s,SofI/NTT,1.49-2.53,155.0,144.5,2.19
J121303+171423,QSO141,2011-04-15,+12h13m03.02s,+17d14m23.30s,TRIPLESPEC/Hale,0.94-2.80,39.0,15.9,2.58
J121428-030721,QSO016,2005-01-16,+12h14m27.79s,-03d07m21.12s,GNIRS/Gemini,0.60-2.61,88.0,19.0,2.13
J121559+571556,QSO044,2007-05-23,+12h15m58.82s,+57d15m55.53s,NIRI/Gemini,1.41-1.94,94.0,10.6,1.96
J121559+571617,QSO045,2007-05-23,+12h15m59.00s,+57d16m16.63s,NIRI/Gemini,1.41-1.94,94.0,5.8,1.93
J121911-004346,QSO635,2013-01-19,+12h19m11.23s,-00d43m45.60s,SINFONI/VLT,1.44-2.47,37.0,8.6,2.3
J121911-004346,QSO606,2009-05-10,+12h19m11.23s,-00d43m45.60s,SINFONI/VLT,1.44-1.87,36.0,13.0,2.3
J122039+000428,QSO536,2011-04-27,+12h20m39.45s,+00d04m27.60s,FIRE/Magellan,0.80-2.50,20.0,36.8,2.05
J122311-181642,QSO356,2012-03-07,+12h23m10.62s,-18d16m42.40s,SofI/NTT,1.49-2.53,154.0,12.5,2.17
J122517+042538,QSO086,2013-06-07,+12h25m16.80s,+04d25m37.80s,ISAAC/VLT,1.64-1.72,14.0,19.2,2.39
J122638-082930,QSO357,2012-03-05,+12h26m37.54s,-08d29m29.60s,SofI/NTT,1.50-2.54,155.0,21.1,2.17
J123143+002846,QSO315,2013-04-27,+12h31m43.09s,+00d28m46.20s,XSHOOTER/VLT,0.31-2.28,15.0,3.5,3.21
J123355+031328,QSO537,2011-04-27,+12h33m55.21s,+03d13m27.60s,FIRE/Magellan,0.80-2.50,20.0,29.4,1.53
J123442+052127,QSO503,2011-05-13,+12h34m42.16s,+05d21m26.70s,TRIPLESPEC/ARC,0.95-2.46,63.0,14.9,1.55
J123511-010829,QSO087,2013-06-05,+12h35m11.10s,-01d08m29.50s,ISAAC/VLT,1.56-1.64,15.0,7.0,2.24
J123514+030417,QSO017,2005-01-20,+12h35m14.36s,+03d04m16.74s,GNIRS/Gemini,0.60-2.61,88.0,48.6,2.2
J123611+112922,QSO442,2015-04-01,+12h36m11.21s,+11d29m21.60s,LIRIS/WHT,1.40-2.39,138.0,6.3,2.16
J124007+474003,QSO504,2011-02-22,+12h40m06.70s,+47d40m03.30s,TRIPLESPEC/ARC,0.95-2.46,63.0,14.5,1.56
J124525-000938,QSO392,2013-03-23,+12h45m24.60s,-00d09m38.00s,SofI/NTT,1.49-2.53,155.0,6.9,2.09
J124602+042658,QSO429,2015-04-01,+12h46m02.05s,+04d26m58.40s,LIRIS/WHT,1.40-2.39,138.0,5.2,2.44
J124914-055918,QSO607,2009-04-17,+12h49m13.98s,-05d59m18.40s,SINFONI/VLT,1.44-1.87,36.0,13.8,2.25
J124925-023340,QSO421,2013-03-20,+12h49m24.87s,-02d33m39.80s,SofI/NTT,1.49-2.53,155.0,9.7,2.13
J124948+060714,QSO028,2006-02-18,+12h49m48.18s,+06d07m14.00s,GNIRS/Gemini,0.60-2.61,88.0,6.2,2.01
J124957-015929,QSO358,2012-03-07,+12h49m57.24s,-01d59m28.83s,SofI/NTT,1.50-2.54,155.0,13.0,3.68
J125141+080718,QSO538,2011-04-26,+12h51m40.82s,+08d07m18.40s,FIRE/Magellan,0.80-2.50,20.0,25.7,1.61
J125354+681714,QSO143,2012-04-04,+12h53m53.71s,+68d17m14.30s,TRIPLESPEC/Hale,0.94-3.18,91.0,10.2,3.48
J130125+475910,QSO144,2012-04-03,+13h01m24.73s,+47d59m09.60s,TRIPLESPEC/Hale,0.94-2.80,39.0,7.9,2.19
J130331+162147,QSO642,2013-01-23,+13h03m31.28s,+16d21m46.60s,SINFONI/VLT,1.44-2.47,37.0,7.6,2.29
J130343+103113,QSO145,2013-01-29,+13h03m43.47s,+10d31m13.30s,TRIPLESPEC/Hale,0.94-2.80,39.0,7.0,2.19
J130525+031135,QSO146,2012-04-03,+13h05m24.90s,+03d11m35.17s,TRIPLESPEC/Hale,0.94-2.80,39.0,8.4,2.2
J130525+031135,QSO088,2013-06-05,+13h05m24.90s,+03d11m35.17s,ISAAC/VLT,1.54-1.62,15.0,9.6,2.2
J130605+615824,QSO018,2011-02-18,+13h06m05.19s,+61d58m23.73s,GNIRS/Gemini,0.60-2.61,88.0,7.9,2.11
J130619+151018,QSO441,2015-04-01,+13h06m18.60s,+15d10m17.90s,LIRIS/WHT,1.40-2.39,138.0,11.1,2.4
J130710+123022,QSO644,2013-02-23,+13h07m10.25s,+12d30m21.70s,SINFONI/VLT,1.93-2.47,34.0,14.4,3.23
J131012+460125,QSO147,2011-04-16,+13h10m11.61s,+46d01m24.50s,TRIPLESPEC/Hale,0.94-2.80,39.0,15.9,2.14
J131243+084105,QSO201,2012-04-17,+13h12m42.86s,+08d41m05.04s,XSHOOTER/VLT,0.31-2.48,16.0,17.7,3.74
J131750+080616,QSO436,2015-04-05,+13h17m49.78s,+08d06m16.20s,LIRIS/WHT,1.40-2.39,138.0,2.8,2.38
J132030-052336,QSO359,2012-03-07,+13h20m29.98s,-05d23m35.50s,SofI/NTT,1.50-2.53,155.0,14.9,3.7
J132109-113931,QSO608,2009-04-17,+13h21m09.49s,-11d39m30.60s,SINFONI/VLT,1.44-1.87,36.0,17.4,2.31
J132428-095017,QSO609,2009-04-17,+13h24m27.71s,-09d50m17.30s,SINFONI/VLT,1.44-1.87,36.0,19.6,2.34
J132949+324124,QSO435,2015-04-04,+13h29m48.73s,+32d41m24.40s,LIRIS/WHT,1.40-2.39,138.0,5.3,2.17
J133255+005251,QSO373,2012-03-08,+13h32m54.50s,+00d52m50.60s,SofI/NTT,1.95-2.43,64.0,8.5,3.51
J133255+005251,QSO203,2012-06-12,+13h32m54.50s,+00d52m50.60s,XSHOOTER/VLT,0.31-2.48,16.0,35.2,3.51
J133322+005824,QSO539,2011-04-26,+13h33m21.90s,+00d58m24.30s,FIRE/Magellan,0.80-2.50,20.0,22.3,1.51
J133322+005824,QSO610,2009-05-10,+13h33m21.90s,+00d58m24.30s,SINFONI/VLT,1.09-1.41,35.0,17.2,1.51
J133336+164904,QSO360,2012-03-05,+13h33m35.78s,+16d49m03.90s,SofI/NTT,1.50-2.54,154.0,23.0,2.1
J133647+144334,QSO444,2015-04-04,+13h36m46.87s,+14d43m34.20s,LIRIS/WHT,1.40-2.39,138.0,6.3,2.15
J133917+151508,QSO431,2015-04-01,+13h39m16.88s,+15d15m07.60s,LIRIS/WHT,1.40-2.39,138.0,6.0,2.32
J134104-073947,QSO611,2009-07-07,+13h41m03.60s,-07d39m47.30s,SINFONI/VLT,1.44-1.87,36.0,18.8,2.39
J134116+010813,QSO019,2006-02-26,+13h41m15.56s,+01d08m12.70s,GNIRS/Gemini,0.60-2.61,88.0,10.8,2.2
J134205-181801,QSO612,2009-07-07,+13h42m04.55s,-18d18m01.40s,SINFONI/VLT,1.44-1.87,36.0,12.8,2.22
J134259-135600,QSO376,2013-03-19,+13h42m58.86s,-13d55m59.80s,SofI/NTT,1.95-2.43,64.0,12.7,3.21
J134427-103542,QSO361,2012-03-06,+13h44m27.07s,-10d35m41.90s,SofI/NTT,1.50-2.53,155.0,19.9,2.14
J134838+053115,QSO089,2013-06-06,+13h48m38.06s,+05d31m14.89s,ISAAC/VLT,1.49-1.57,16.0,12.9,2.11
J134844-035323,QSO613,2009-07-07,+13h48m44.12s,-03d53m22.80s,SINFONI/VLT,1.44-1.87,36.0,16.4,2.37
J135024+265243,QSO505,2011-02-22,+13h50m23.68s,+26d52m43.10s,TRIPLESPEC/ARC,0.95-2.46,62.0,18.9,1.62
J135030-014332,QSO090,2013-06-06,+13h50m29.92s,-01d43m31.60s,ISAAC/VLT,1.55-1.63,15.0,17.1,2.22
J135039-251217,QSO362,2012-03-05,+13h50m38.88s,-25d12m16.80s,SofI/NTT,1.50-2.53,155.0,16.3,2.59
J135418+334900,QSO149,2011-04-15,+13h54m17.91s,+33d48m59.80s,TRIPLESPEC/Hale,0.94-2.80,39.0,13.1,2.25
J135425-001357,QSO614,2009-05-13,+13h54m25.34s,-00d13m57.10s,SINFONI/VLT,1.09-1.41,35.0,15.9,1.51
J135440+301649,QSO506,2011-04-22,+13h54m39.70s,+30d16m49.20s,TRIPLESPEC/ARC,0.95-2.46,63.0,5.1,1.55
J135719+011705,QSO091,2013-06-07,+13h57m19.08s,+01d17m05.44s,ISAAC/VLT,1.69-1.77,13.0,5.4,2.49
J140039+112023,QSO363,2012-03-06,+14h00m39.00s,+11d20m22.90s,SofI/NTT,1.50-2.53,155.0,23.8,2.59
J140047+120505,QSO443,2015-04-04,+14h00m47.45s,+12d05m04.60s,LIRIS/WHT,1.40-2.39,138.0,7.4,2.17
J140208+470111,QSO046,2007-05-02,+14h02m08.10s,+47d01m11.11s,NIRI/Gemini,1.41-1.94,94.0,6.8,1.92
J140446-013022,QSO364,2012-03-09,+14h04m45.89s,-01d30m21.80s,SofI/NTT,1.50-2.53,155.0,15.3,2.52
J140747+645420,QSO150,2012-04-04,+14h07m47.23s,+64d54m19.90s,TRIPLESPEC/Hale,0.94-3.18,91.0,11.3,3.11
J141949+060654,QSO540,2011-04-26,+14h19m49.39s,+06d06m54.00s,FIRE/Magellan,0.80-2.50,20.0,29.2,1.65
J142004+022727,QSO029,2011-06-22,+14h20m03.67s,+02d27m26.67s,GNIRS/Gemini,0.60-2.61,88.0,4.6,3.61
J142054+160333,QSO048,2007-07-27,+14h20m54.42s,+16d03m33.34s,NIRI/Gemini,1.41-1.94,94.0,8.0,2.01
J142054+160333,QSO179,2012-07-03,+14h20m54.42s,+16d03m33.34s,XSHOOTER/VLT,0.31-2.28,15.0,5.4,2.02
J142055+160343,QSO062,2007-07-27,+14h20m54.92s,+16d03m42.92s,NIRI/Gemini,1.41-1.94,94.0,5.3,2.06
J142109+224117,QSO507,2011-05-13,+14h21m08.71s,+22d41m17.40s,TRIPLESPEC/ARC,0.95-2.46,63.0,19.1,2.19
J142438+225600,QSO365,2012-03-08,+14h24m38.10s,+22d56m00.50s,SofI/NTT,1.50-2.53,155.0,48.6,3.62
J142656+602551,QSO151,2011-04-16,+14h26m56.19s,+60d25m50.90s,TRIPLESPEC/Hale,0.94-2.80,39.0,19.8,3.2
J142759-012130,QSO020,yyyy-mm-dd,+14h27m58.89s,-01d21m30.40s,GNIRS/Gemini,0.62-2.53,88.0,13.4,2.28
J142842+592552,QSO508,2011-04-18,+14h28m41.97s,+59d25m52.00s,TRIPLESPEC/ARC,0.95-2.46,67.0,10.6,1.66
J142903-014519,QSO370,2012-03-06,+14h29m03.03s,-01d45m19.40s,SofI/NTT,1.95-2.43,64.0,14.6,3.43
J143148+053558,QSO509,2010-05-20,+14h31m48.09s,+05d35m58.00s,TRIPLESPEC/ARC,0.95-2.46,63.0,12.0,2.1
J143229-010616,QSO366,2012-03-08,+14h32m29.25s,-01d06m16.00s,SofI/NTT,1.50-2.53,155.0,13.1,2.08
J143231+012435,QSO541,2011-04-27,+14h32m30.57s,+01d24m35.10s,FIRE/Magellan,0.80-2.50,20.0,16.4,1.54
J143346+064110,QSO180,2012-03-19,+14h33m45.50s,+06d41m09.98s,XSHOOTER/VLT,0.31-2.28,15.0,3.3,2.28
J143646+633638,QSO510,2011-05-13,+14h36m45.80s,+63d36m37.90s,TRIPLESPEC/ARC,0.95-2.46,63.0,18.1,2.07
J143912+111741,QSO367,2012-03-09,+14h39m12.04s,+11d17m40.50s,SofI/NTT,1.50-2.53,155.0,25.5,2.58
J144246-024250,QSO093,2013-06-05,+14h42m45.67s,-02d42m50.15s,ISAAC/VLT,1.61-1.69,14.0,23.0,2.35
J144424-104542,QSO615,2009-04-23,+14h44m24.38s,-10d45m42.40s,SINFONI/VLT,1.44-1.86,36.0,11.0,2.36
J144516+095836,QSO236,2012-06-11,+14h45m16.47s,+09d58m36.09s,XSHOOTER/VLT,0.31-2.48,16.0,21.1,3.56
J144516+095836,QSO152,2011-04-16,+14h45m16.47s,+09d58m36.09s,TRIPLESPEC/Hale,0.94-2.80,39.0,9.1,3.56
J145103-232931,QSO368,2012-03-05,+14h51m02.51s,-23d29m31.10s,SofI/NTT,1.50-2.53,155.0,24.6,2.22
J145409+511444,QSO153,2012-04-02,+14h54m08.96s,+51d14m43.70s,TRIPLESPEC/Hale,0.94-2.80,39.0,10.8,3.64
J145650-193852,QSO383,2013-03-21,+14h56m49.89s,-19d38m52.10s,SofI/NTT,1.95-2.41,60.0,5.5,3.15
J151000+074450,QSO463,2015-09-03,+15h09m59.16s,+07d44m50.10s,SofI/NTT,1.50-2.54,154.0,4.1,2.28
J151756+051104,QSO237,2012-05-23,+15h17m56.18s,+05d11m03.54s,XSHOOTER/VLT,0.31-2.48,16.0,15.2,3.56
J151913+374918,QSO049,2007-04-02,+15h19m12.82s,+37d49m18.45s,NIRI/Gemini,1.41-1.93,93.0,4.2,2.16
J151921+374902,QSO050,2007-04-02,+15h19m20.75s,+37d49m02.27s,NIRI/Gemini,1.41-1.94,94.0,19.4,2.11
J152112+470539,QSO511,2011-04-22,+15h21m11.86s,+47d05m39.10s,TRIPLESPEC/ARC,0.95-2.46,63.0,6.4,1.52
J152156+520239,QSO154,2012-04-02,+15h21m56.48s,+52d02m38.60s,TRIPLESPEC/Hale,0.94-2.80,39.0,16.0,2.22
J152529+292813,QSO437,2015-04-05,+15h25m29.17s,+29d28m13.20s,LIRIS/WHT,1.40-2.39,138.0,1.9,2.36
J153027+062331,QSO440,2015-04-04,+15h30m27.37s,+06d23m30.80s,LIRIS/WHT,1.40-2.39,138.0,7.2,2.22
J153849+023341,QSO439,2015-04-02,+15h38m48.64s,+02d33m41.10s,LIRIS/WHT,1.40-2.39,138.0,2.8,2.24
J153900+053705,QSO542,2011-04-26,+15h38m59.45s,+05d37m05.30s,FIRE/Magellan,0.80-2.50,20.0,21.0,1.68
J154059+473828,QSO155,2012-04-03,+15h40m58.70s,+47d38m27.50s,TRIPLESPEC/Hale,0.94-2.80,39.0,7.9,2.56
J154213+111227,QSO543,2011-04-27,+15h42m12.90s,+11d12m26.70s,FIRE/Magellan,0.80-2.50,20.0,30.6,1.54
J154432+020442,QSO457,2015-09-02,+15h44m32.33s,+02d04m42.00s,SofI/NTT,1.50-2.54,154.0,5.1,2.34
J154503+015614,QSO393,2013-03-23,+15h45m03.20s,+01d56m14.00s,SofI/NTT,1.49-2.53,155.0,23.9,2.21
J155014+200154,QSO397,2013-03-19,+15h50m13.60s,+20d01m54.00s,SofI/NTT,1.49-2.53,155.0,58.9,2.19
J155234+491008,QSO156,2012-04-03,+15h52m33.88s,+49d10m08.30s,TRIPLESPEC/Hale,0.94-2.80,39.0,9.0,2.05
J155240+194817,QSO512,2011-04-18,+15h52m40.40s,+19d48m16.70s,TRIPLESPEC/ARC,0.95-2.46,63.0,19.5,1.62
J155326+192141,QSO243,2011-07-17,+15h53m25.61s,+19d21m40.95s,XSHOOTER/VLT,0.31-2.28,15.0,1.4,2.01
J155815+405337,QSO157,2011-09-10,+15h58m14.51s,+40d53m37.00s,TRIPLESPEC/Hale,0.94-2.80,39.0,20.4,2.63
J155950+080518,QSO404,2013-03-19,+15h59m49.72s,+08d05m17.60s,SofI/NTT,1.49-2.53,155.0,37.0,2.2
J160223+084538,QSO422,2013-03-22,+16h02m22.73s,+08d45m38.40s,SofI/NTT,1.49-2.53,155.0,16.1,2.27
J160456-001907,QSO544,2011-04-26,+16h04m56.14s,-00d19m07.10s,FIRE/Magellan,0.80-2.50,20.0,38.5,1.64
J161025+044218,QSO094,2013-06-05,+16h10m24.89s,+04d42m18.41s,ISAAC/VLT,1.66-1.74,14.0,7.3,2.45
J161458+144836,QSO418,2012-07-21,+16h14m58.30s,+14d48m36.00s,SofI/NTT,1.49-2.53,154.0,14.2,2.57
J161806+092004,QSO645,2013-03-21,+16h18m05.85s,+09d20m04.10s,SINFONI/VLT,1.93-2.47,34.0,5.7,2.5
J161842+234132,QSO427,2015-04-01,+16h18m42.44s,+23d41m31.70s,LIRIS/WHT,1.40-2.39,138.0,4.5,2.28
J162014+103621,QSO637,2013-02-24,+16h20m14.19s,+10d36m21.10s,SINFONI/VLT,1.44-1.87,36.0,11.7,2.1
J162104+002906,QSO545,2011-07-14,+16h21m03.98s,+00d29m05.80s,FIRE/Magellan,0.80-2.50,20.0,3.5,1.69
J162117-004251,QSO211,2012-05-19,+16h21m16.92s,-00d42m50.85s,XSHOOTER/VLT,0.31-2.48,16.0,22.4,3.7
J162117-004251,QSO334,2011-09-20,+16h21m16.92s,-00d42m50.85s,SofI/NTT,1.50-2.53,154.0,25.8,3.7
J162145+350807,QSO051,2006-04-24,+16h21m45.42s,+35d08m07.23s,NIRI/Gemini,1.41-1.94,94.0,15.1,2.03
J162324+331233,QSO161,2011-04-15,+16h23m23.67s,+33d12m32.60s,TRIPLESPEC/Hale,0.94-2.80,39.0,7.6,2.42
J162548+264433,QSO052,2006-04-17,+16h25m48.09s,+26d44m32.53s,NIRI/Gemini,1.41-1.94,94.0,9.5,2.47
J162549+264659,QSO162,2012-04-02,+16h25m48.80s,+26d46m58.75s,TRIPLESPEC/Hale,0.94-2.80,39.0,10.9,2.54
J162549+264659,QSO053,2006-04-14,+16h25m48.80s,+26d46m58.75s,NIRI/Gemini,1.41-1.94,94.0,23.8,2.53
J162702+313549,QSO430,2015-04-02,+16h27m01.94s,+31d35m49.20s,LIRIS/WHT,1.40-2.39,138.0,2.0,2.32
J162736+221538,QSO064,2008-04-19,+16h27m36.40s,+22d15m38.09s,NIRI/Gemini,1.87-2.59,95.0,5.9,3.25
J162739+460538,QSO054,2007-05-29,+16h27m38.63s,+46d05m38.38s,NIRI/Gemini,1.87-2.57,93.0,18.5,3.81
J163413+320336,QSO163,2011-04-16,+16h34m12.78s,+32d03m35.50s,TRIPLESPEC/Hale,0.94-2.80,39.0,30.1,2.35
J163456+301438,QSO055,2006-05-13,+16h34m56.16s,+30d14m37.78s,NIRI/Gemini,1.41-1.94,94.0,14.1,2.5
J163456+301438,QSO434,2015-04-04,+16h34m56.16s,+30d14m37.78s,LIRIS/WHT,1.40-2.39,138.0,10.5,2.5
J165915+380901,QSO164,2011-09-09,+16h59m14.54s,+38d09m00.70s,TRIPLESPEC/Hale,0.94-2.80,39.0,11.6,2.35
J171030+602347,QSO513,2011-04-18,+17h10m30.20s,+60d23m47.50s,TRIPLESPEC/ARC,0.95-2.46,63.0,13.9,1.54
J172253+245835,QSO166,2012-04-04,+17h22m52.98s,+24d58m34.70s,TRIPLESPEC/Hale,0.94-3.18,91.0,9.9,2.26
J173352+540031,QSO167,2011-04-16,+17h33m52.24s,+54d00m30.50s,TRIPLESPEC/Hale,0.94-2.80,39.0,15.0,3.44
J193957-100241,QSO336,2011-09-22,+19h39m57.25s,-10d02m41.50s,SofI/NTT,1.50-2.53,154.0,41.6,3.79
J194026-690757,QSO337,2011-09-18,+19h40m25.51s,-69d07m56.93s,SofI/NTT,1.95-2.43,64.0,7.2,3.19
J200324-325145,QSO400,2011-09-19,+20h03m24.12s,-32d51m45.00s,SofI/NTT,1.50-2.53,154.0,20.4,3.78
J204010-065403,QSO546,2011-04-26,+20h40m09.62s,-06d54m02.50s,FIRE/Magellan,0.80-2.50,20.0,6.2,1.61
J204537-010148,QSO548,2011-04-26,+20h45m36.56s,-01d01m47.90s,FIRE/Magellan,0.80-2.50,20.0,42.1,1.66
J204539-005115,QSO547,2011-04-27,+20h45m38.96s,-00d51m15.50s,FIRE/Magellan,0.80-2.50,20.0,18.4,1.59
J205554+004311,QSO549,2011-04-27,+20h55m54.08s,+00d43m11.40s,FIRE/Magellan,0.80-2.50,20.0,20.6,1.62
J205955-001917,QSO021,2004-09-30,+20h59m54.51s,-00d19m17.40s,GNIRS/Gemini,0.60-2.61,88.0,12.4,2.12
J211156-434532,QSO616,2009-05-14,+21h11m55.81s,-43d45m31.60s,SINFONI/VLT,1.44-1.86,36.0,10.4,2.27
J211833+004219,QSO022,2004-10-31,+21h18m32.88s,+00d42m19.03s,GNIRS/Gemini,0.60-2.61,88.0,28.3,2.17
J211928-353741,QSO410,2011-09-21,+21h19m27.60s,-35d37m40.60s,SofI/NTT,1.48-1.83,63.0,40.4,2.34
J212200+005224,QSO471,2015-09-04,+21h21m59.04s,+00d52m24.10s,SofI/NTT,1.50-2.54,154.0,11.7,2.38
J212329-005053,QSO412,2011-09-22,+21h23m29.47s,-00d50m52.90s,SofI/NTT,1.48-1.83,63.0,31.6,2.26
J212329-005053,QSO168,2011-09-08,+21h23m29.47s,-00d50m52.90s,TRIPLESPEC/Hale,0.94-3.18,91.0,22.9,2.28
J212513-421845,QSO617,2009-05-14,+21h25m12.66s,-42d18m44.60s,SINFONI/VLT,1.44-1.86,36.0,15.8,2.28
J212747+004929,QSO451,2015-09-01,+21h27m47.43s,+00d49m29.50s,SofI/NTT,1.50-2.54,154.0,7.4,2.26
J212912-153841,QSO343,2011-09-22,+21h29m12.18s,-15d38m41.00s,SofI/NTT,1.95-2.43,64.0,54.3,3.3
J212912-153841,QSO169,2011-09-09,+21h29m12.18s,-15d38m41.00s,TRIPLESPEC/Hale,0.94-2.80,39.0,13.5,3.29
J213126+001910,QSO465,2015-09-03,+21h31m25.52s,+00d19m10.40s,SofI/NTT,1.50-2.54,154.0,6.7,2.13
J213236-001351,QSO464,2015-09-03,+21h32m35.95s,-00d13m50.60s,SofI/NTT,1.50-2.54,154.0,5.5,2.51
J213439+000954,QSO096,2013-06-07,+21h34m38.96s,+00d09m53.75s,ISAAC/VLT,1.64-1.72,14.0,7.0,2.41
J213624-003411,QSO446,2015-08-30,+21h36m23.52s,-00d34m10.90s,SofI/NTT,1.50-2.54,154.0,7.0,2.23
J213748+001220,QSO550,2011-07-13,+21h37m48.44s,+00d12m20.00s,FIRE/Magellan,0.80-2.50,20.0,17.3,1.67
J214226-442018,QSO338,2011-09-19,+21h42m25.81s,-44d20m18.20s,SofI/NTT,1.95-2.43,64.0,8.5,3.23
J214502-303122,QSO308,2013-05-15,+21h45m01.70s,-30d31m22.00s,XSHOOTER/VLT,0.31-2.28,15.0,8.1,2.22
J214507-303046,QSO307,2013-05-15,+21h45m07.10s,-30d30m46.00s,XSHOOTER/VLT,0.31-2.28,15.0,8.1,2.55
J214621-075251,QSO023,2006-04-09,+21h46m20.68s,-07d52m50.62s,GNIRS/Gemini,0.60-2.61,88.0,17.7,2.12
J214950-444405,QSO618,2009-04-17,+21h49m50.14s,-44d44m04.70s,SINFONI/VLT,1.09-1.41,35.0,14.0,1.51
J215052-315824,QSO619,2009-04-23,+21h50m52.44s,-31d58m24.00s,SINFONI/VLT,1.09-1.41,35.0,24.7,1.54
J215615-003058,QSO452,2015-09-01,+21h56m15.18s,-00d30m57.80s,SofI/NTT,1.50-2.54,154.0,5.9,2.31
J215727+001558,QSO311,2013-06-09,+21h57m27.26s,+00d15m58.40s,XSHOOTER/VLT,0.31-2.28,15.0,3.8,2.57
J215744+233037,QSO170,2012-08-03,+21h57m43.63s,+23d30m37.30s,TRIPLESPEC/Hale,0.94-2.80,39.0,12.3,3.15
J215900+010148,QSO448,2015-08-31,+21h58m59.35s,+01d01m47.50s,SofI/NTT,1.50-2.54,154.0,11.0,2.45
J215955-400550,QSO420,2012-07-21,+21h59m54.69s,-40d05m50.40s,SofI/NTT,1.49-2.53,154.0,7.1,2.54
J220014-001912,QSO458,2015-09-02,+22h00m13.54s,-00d19m12.10s,SofI/NTT,1.50-2.54,154.0,4.0,2.13
J220248+123656,QSO056,2007-07-23,+22h02m48.31s,+12d36m56.28s,NIRI/Gemini,1.41-1.94,93.0,14.0,2.52
J220249+123646,QSO057,2007-07-23,+22h02m48.61s,+12d36m45.54s,NIRI/Gemini,1.41-1.94,93.0,11.9,2.07
J220530-254222,QSO620,2009-05-14,+22h05m29.91s,-25d42m21.60s,SINFONI/VLT,1.09-1.41,35.0,28.9,1.53
J220734-403656,QSO339,2011-09-19,+22h07m34.41s,-40d36m56.00s,SofI/NTT,1.95-2.43,64.0,15.1,3.16
J221532-174407,QSO333,2011-09-20,+22h15m31.79s,-17d44m07.00s,SofI/NTT,1.48-1.83,63.0,22.4,2.22
J221532-174407,QSO621,2009-05-14,+22h15m31.79s,-17d44m07.00s,SINFONI/VLT,1.44-1.86,36.0,24.7,2.23
J221851-615043,QSO416,2011-09-21,+22h18m51.00s,-61d50m43.00s,SofI/NTT,1.95-2.43,64.0,11.9,3.33
J222007-280323,QSO329,2011-09-18,+22h20m06.76s,-28d03m23.30s,SofI/NTT,1.48-1.83,63.0,62.6,2.41
J222255-522514,QSO622,2009-06-25,+22h22m55.47s,-52d25m14.10s,SINFONI/VLT,1.09-1.41,35.0,20.1,1.55
J223135-393853,QSO623,2009-06-16,+22h31m35.46s,-39d38m53.20s,SINFONI/VLT,1.44-1.86,36.0,16.7,2.21
J223246-363203,QSO624,2009-06-05,+22h32m45.59s,-36d32m02.90s,SINFONI/VLT,1.44-1.86,36.0,14.2,2.29
J223247+134702,QSO514,2009-11-07,+22h32m46.80s,+13d47m02.00s,TRIPLESPEC/ARC,0.95-2.46,63.0,10.6,1.55
J223359-010001,QSO097,2013-06-07,+22h33m58.88s,-01d00m00.50s,ISAAC/VLT,1.60-1.68,14.0,14.9,2.33
J223359-010001,QSO171,2011-09-08,+22h33m58.88s,-01d00m00.50s,TRIPLESPEC/Hale,0.94-3.18,91.0,6.3,2.34
J223820-092106,QSO551,2012-05-29,+22h38m19.76s,-09d21m06.00s,FIRE/Magellan,0.80-2.50,20.0,14.0,3.33
J223850-295612,QSO313,2013-06-22,+22h38m50.10s,-29d56m12.00s,XSHOOTER/VLT,0.31-2.28,15.0,4.7,2.46
J223851-295301,QSO314,2013-05-27,+22h38m50.90s,-29d53m01.00s,XSHOOTER/VLT,0.31-2.28,15.0,10.5,2.4
J224026+003940,QSO447,2015-08-31,+22h40m26.21s,+00d39m40.10s,SofI/NTT,1.50-2.54,154.0,9.2,2.13
J224600-513343,QSO625,2009-06-25,+22h45m59.09s,-51d33m42.80s,SINFONI/VLT,1.44-1.86,36.0,10.6,2.31
J225535-403626,QSO626,2009-07-05,+22h55m35.43s,-40d36m26.40s,SINFONI/VLT,1.09-1.41,35.0,28.9,1.52
J225800-084144,QSO515,2009-11-07,+22h58m00.02s,-08d41m43.70s,TRIPLESPEC/ARC,0.95-2.46,63.0,7.8,1.49
J225922+140256,QSO024,2004-10-01,+22h59m21.59s,+14d02m56.18s,GNIRS/Gemini,0.60-2.61,88.0,8.1,2.17
J225932+004752,QSO453,2015-09-01,+22h59m31.72s,+00d47m51.70s,SofI/NTT,1.50-2.54,154.0,9.2,2.17
J230006+023559,QSO627,2009-06-26,+23h00m06.31s,+02d35m58.50s,SINFONI/VLT,1.09-1.41,35.0,30.1,1.54
J230016+003119,QSO098,2013-06-06,+23h00m15.69s,+00d31m19.30s,ISAAC/VLT,1.53-1.61,15.0,11.8,2.18
J231000+005537,QSO309,2013-08-09,+23h09m59.53s,+00d55m37.30s,XSHOOTER/VLT,0.31-2.28,15.0,6.4,2.42
J231000+005601,QSO310,2013-07-22,+23h09m59.79s,+00d56m00.90s,XSHOOTER/VLT,0.31-2.28,15.0,5.6,2.43
J231043-003151,QSO474,2015-09-04,+23h10m43.29s,-00d31m51.00s,SofI/NTT,1.50-2.54,154.0,6.8,2.17
J231442-082407,QSO025,2004-09-30,+23h14m41.64s,-08d24m06.81s,GNIRS/Gemini,0.60-2.61,88.0,18.0,2.2
J232044-052444,QSO628,2009-06-26,+23h20m43.65s,-05d24m43.50s,SINFONI/VLT,1.09-1.41,35.0,24.9,1.37
J232539-065259,QSO629,2009-06-26,+23h25m39.44s,-06d52m58.60s,SINFONI/VLT,1.09-1.41,35.0,17.9,1.53
J233722-292514,QSO631,2009-07-07,+23h37m22.45s,-29d25m14.40s,SINFONI/VLT,1.09-1.41,35.0,19.9,1.56
J233845-000327,QSO302,2012-09-13,+23h38m45.19s,-00d03m27.16s,XSHOOTER/VLT,0.31-2.28,15.0,7.9,2.44
J233845-000332,QSO301,2012-09-13,+23h38m45.45s,-00d03m31.83s,XSHOOTER/VLT,0.31-2.28,15.0,8.5,2.99
J233939-410318,QSO632,2009-07-02,+23h39m39.31s,-41d03m18.40s,SINFONI/VLT,1.44-1.86,36.0,14.1,2.29
J234510-293154,QSO633,2009-06-29,+23h45m10.46s,-29d31m53.70s,SINFONI/VLT,1.44-1.87,36.0,21.4,2.38
J234626-001600,QSO173,2012-08-03,+23h46m25.67s,-00d16m00.40s,TRIPLESPEC/Hale,0.94-2.80,39.0,17.4,3.51
J234628+124900,QSO413,2011-09-22,+23h46m28.20s,+12d49m00.00s,SofI/NTT,1.48-1.83,63.0,29.2,2.57
J234704+150146,QSO245,2012-10-01,+23h47m04.25s,+15d01m46.38s,XSHOOTER/VLT,0.31-2.28,15.0,6.8,2.16
J234856-104131,QSO344,2011-09-21,+23h48m56.49s,-10d41m31.20s,SofI/NTT,1.95-2.43,64.0,7.2,3.17
J235444-293851,QSO634,2009-07-02,+23h54m43.75s,-29d38m50.60s,SINFONI/VLT,1.44-1.86,36.0,12.2,2.38
J235809+012507,QSO174,2011-09-10,+23h58m08.55s,+01d25m07.30s,TRIPLESPEC/Hale,0.94-2.80,39.0,9.6,3.4
J235843+021220,QSO175,2011-09-08,+23h58m43.28s,+02d12m20.10s,TRIPLESPEC/Hale,0.94-3.18,91.0,7.0,2.47
